g.whoregion,fracm
EMR,0.367286839960522
AFR,0.431374897554009
EUR,0.478346469862011
AMR,0.471656110046123
SEA,0.336735461203955
WPR,0.382082647769839
