g.whoregion,fracf
AFR,0.395509839211967
AMR,0.42537226080525
EMR,0.37977840220078
EUR,0.353413783882167
SEA,0.316919199330831
WPR,0.432993731444063
